Symbol,Name,Price (Intraday),Change,% Change,Market Cap,Volume in Currency (Since 0:00 UTC),Volume in Currency (24Hr),Total Volume All Currencies (24Hr),Circulating Supply,52 Week Range,Day Chart
ROSE-USD,Oasis Network USD,0.101000,+0.001100,+1.069800%,678.299M,35.225M,35.225M,35.225M,6.714B,,
BONK-USD,Bonk USD,0.000011,-0.000000,-2.16%,675.43M,80.204M,80.204M,80.204M,63.334T,,
KLAY-USD,Klaytn USD,0.192257,-0.001371,-0.71%,670.373M,14.957M,14.957M,14.957M,3.487B,,
PYTH-USD,Pyth Network USD,0.440706,+0.029847,+7.26%,661.054M,83.307M,83.307M,83.307M,1.5B,,
FTT-USD,FTX Token USD,1.9689,-0.6668,-25.30%,647.566M,212.17M,212.17M,212.17M,328.895M,,
FRAX-USD,Frax USD,0.997532,-0.000814,-0.08%,647.86M,11.649M,11.649M,11.649M,649.462M,,
AKT-USD,Akash Network USD,2.7667,-0.0535,-1.90%,627.162M,4.395M,4.395M,4.395M,226.681M,,
PENDLE-USD,Pendle USD,2.6230,-0.0193,-0.73%,624.761M,62.139M,62.139M,62.139M,238.186M,,
WOO-USD,WOO USD,0.341311,-0.008285,-2.37%,622.271M,15.886M,15.886M,15.886M,1.823B,,
CAKE-USD,PancakeSwap USD,2.4622,-0.0414,-1.66%,610.438M,60.487M,60.487M,60.487M,247.924M,,
GALA-USD,Gala USD,0.021573,-0.000566,-2.56%,599.713M,43.433M,43.433M,43.433M,27.8B,,
VBNB-USD,Venus BNB USD,7.0797,-0.0436,-0.61%,597.01M,360.223M,360.223M,360.223M,84.327M,,
XDC-USD,XDC Network USD,0.043048,-0.000641,-1.47%,598.165M,24.564M,24.564M,24.564M,13.895B,,
XEC-USD,eCash USD,0.000030,-0.000001,-2.33%,584.201M,5.045M,5.045M,5.045M,19.623T,,
RPL-USD,Rocket Pool USD,28.61,-0.66,-2.26%,574.14M,4.751M,4.751M,4.751M,20.066M,,
APE18876-USD,ApeCoin USD,1.5055,+0.1177,+8.48%,554.928M,101.179M,101.179M,101.179M,368.594M,,
AR-USD,Arweave USD,8.4218,-0.1225,-1.43%,551.244M,15.138M,15.138M,15.138M,65.454M,,
GNO-USD,Gnosis USD,211.83,-8.58,-3.89%,548.558M,8.795M,8.795M,8.795M,2.59M,,
LUNC-USD,Terra Classic USD,0.000094,-0.000001,-1.44%,545.171M,26.857M,26.857M,26.857M,5.783T,,
ENS-USD,Ethereum Name Service USD,17.56,-0.82,-4.45%,539.987M,55.45M,55.45M,55.45M,30.744M,,
XAUT-USD,Tether Gold USD,"2,047.50",-1.15,-0.06%,504.758M,4.399M,4.399M,4.399M,"246,524",,
AXL17799-USD,Axelar USD,0.905284,-0.024665,-2.65%,500.771M,3.955M,3.955M,3.955M,553.165M,,
SC-USD,Siacoin USD,0.008721,+0.000258,+3.04%,490.664M,31.267M,31.267M,31.267M,56.26B,,
NEXO-USD,Nexo USD,0.880009,-0.002350,-0.27%,492.805M,3.196M,3.196M,3.196M,560M,,
CRV-USD,Curve DAO Token USD,0.447057,-0.013831,-3.00%,490.562M,54.609M,54.609M,54.609M,1.097B,,
RLB-USD,Rollbit Coin USD,0.144319,+0.003508,+2.49%,475.814M,4.299M,4.299M,4.299M,3.297B,,
FET-USD,Fetch.ai USD,0.571707,-0.003574,-0.62%,475.521M,41.998M,41.998M,41.998M,831.756M,,
CBETH-USD,Coinbase Wrapped Staked ETH USD,"2,415.09",-21.37,-0.88%,472.564M,9.271M,9.271M,9.271M,"195,671",,
GT-USD,GateToken USD,4.7658,-0.0085,-0.18%,472.494M,1.322M,1.322M,1.322M,99.143M,,
FTN-USD,Fasttoken USD,1.4976,+0.0097,+0.65%,456.543M,11.93M,11.93M,11.93M,304.85M,,
TWT-USD,Trust Wallet Token USD,1.0861,+0.0082,+0.76%,452.504M,17.423M,17.423M,17.423M,416.65M,,
HT-USD,Huobi Token USD,2.7264,-0.0846,-3.01%,442.32M,5.33M,5.33M,5.33M,162.234M,,
1INCH-USD,1inch Network USD,0.384612,-0.011456,-2.89%,438.842M,28.055M,28.055M,28.055M,1.141B,,
COMP5692-USD,Compound USD,53.38,-0.48,-0.89%,430.794M,40.596M,40.596M,40.596M,8.07M,,
XRD-USD,Radix USD,0.040527,+0.000407,+1.01%,419.97M,3.78M,3.78M,3.78M,10.363B,,
PAXG-USD,PAX Gold USD,"2,029.26",-0.99,-0.05%,419.806M,7.71M,7.71M,7.71M,"206,876",,
METIS-USD,Metis USD,79.28,-2.84,-3.45%,416.254M,18.811M,18.811M,18.811M,5.251M,,
CORE23254-USD,Core USD,0.479724,+0.004019,+0.84%,414.228M,9.096M,9.096M,9.096M,863.472M,,
GMT18069-USD,GMT USD,0.246622,-0.006836,-2.70%,411.052M,34.87M,34.87M,34.87M,1.667B,,
CSPR-USD,Casper USD,0.034910,+0.000261,+0.75%,410.652M,7.521M,7.521M,7.521M,11.763B,,
NFT9816-USD,APENFT USD,0.00000041,+0.00000000,+1.05%,401.118M,19.993M,19.993M,19.993M,990.106T,,
BTG-USD,Bitcoin Gold USD,22.89,-0.41,-1.77%,400.903M,6.65M,6.65M,6.65M,17.514M,,
GMX11857-USD,GMX USD,42.44,-1.08,-2.47%,399.301M,14.415M,14.415M,14.415M,9.409M,,
LUNA20314-USD,Terra USD,0.603178,-0.003649,-0.60%,390.417M,36.982M,36.982M,36.982M,647.266M,,
PEPE24478-USD,Pepe USD,0.00000093,-0.00000002,-1.89%,390.176M,78.153M,78.153M,78.153M,420.69T,,
ENJ-USD,Enjin Coin USD,0.282122,+0.000061,+0.02%,389.284M,12.776M,12.776M,12.776M,1.38B,,
ELF-USD,aelf USD,0.543695,-0.021647,-3.83%,388.696M,6.978M,6.978M,6.978M,714.916M,,
ALT29073-USD,Altlayer USD,0.352013,-0.020368,-5.47%,387.214M,321.702M,321.702M,321.702M,1.1B,,
IOTX-USD,IoTeX USD,0.040683,-0.000556,-1.35%,384.101M,6.8M,6.8M,6.8M,9.441B,,
GAS-USD,Gas USD,5.7737,-0.1034,-1.76%,382.841M,111.748M,111.748M,111.748M,66.308M,,
SKL-USD,SKALE USD,0.072454,-0.000616,-0.84%,373.623M,24.693M,24.693M,24.693M,5.157B,,
KUJI-USD,Kujira USD,3.0284,-0.1359,-4.30%,370.524M,2.203M,2.203M,2.203M,122.35M,,
POKT-USD,Pocket Network USD,0.239811,+0.009774,+4.25%,364.876M,2.07M,2.07M,2.07M,1.522B,,
WKAVA-USD,Wrapped Kava USD,0.730829,0.000000,0.00%,363.711M,"3,462","3,462","3,462",497.669M,,
USDP-USD,Pax Dollar USD,0.999990,+0.000262,+0.03%,352.848M,2.851M,2.851M,2.851M,352.851M,,
ZEC-USD,Zcash USD,21.60,-0.18,-0.84%,352.691M,46.729M,46.729M,46.729M,16.328M,,
ZIL-USD,Zilliqa USD,0.020074,+0.000094,+0.47%,348.73M,14.331M,14.331M,14.331M,17.372B,,
UMA-USD,UMA USD,4.5072,-0.1348,-2.90%,345.423M,54.874M,54.874M,54.874M,76.639M,,
CELO-USD,Celo USD,0.654608,-0.004720,-0.72%,345.553M,16.597M,16.597M,16.597M,527.878M,,
HBTC-USD,Huobi BTC USD,"37,942.70","-2,598.90",-6.41%,340.327M,"78,632","78,632","78,632","8,969",,
DESO-USD,Decentralized Social USD,37.80,+0.70,+1.88%,335.809M,2.482M,2.482M,2.482M,8.885M,,
BAT-USD,Basic Attention Token USD,0.221082,+0.001476,+0.67%,329.504M,15.241M,15.241M,15.241M,1.49B,,
AGIX-USD,SingularityNET USD,0.262084,-0.005317,-1.99%,328.324M,28.151M,28.151M,28.151M,1.253B,,
STRD-USD,Stride USD,3.7361,+0.1386,+3.85%,328.123M,"113,050","113,050","113,050",87.826M,,
HOT2682-USD,Holo USD,0.001885,+0.000009,+0.47%,325.874M,10.268M,10.268M,10.268M,172.836B,,
MAGIC14783-USD,Treasure USD,1.2479,-0.0137,-1.09%,323.017M,111.245M,111.245M,111.245M,258.842M,,
KSM-USD,Kusama USD,37.90,-0.52,-1.35%,320.981M,18.872M,18.872M,18.872M,8.47M,,
ORBR-USD,Orbler USD,0.316000,+0.004483,+1.44%,320.926M,"340,387","340,387","340,387",1.016B,,
XEM-USD,NEM USD,0.035507,-0.000703,-1.94%,319.566M,13.92M,13.92M,13.92M,9B,,
MASK8536-USD,Mask Network USD,3.2945,-0.0187,-0.57%,316.356M,102.493M,102.493M,102.493M,96.025M,,
LRC-USD,Loopring USD,0.231148,-0.000355,-0.15%,315.898M,11.629M,11.629M,11.629M,1.367B,,
DASH-USD,Dash USD,27.04,+0.31,+1.14%,315.133M,39.487M,39.487M,39.487M,11.652M,,
PYUSD-USD,PayPal USD USD,1.0000,+0.0002,+0.02%,301.176M,15.641M,15.641M,15.641M,301.175M,,
SSV-USD,ssv.network USD,29.92,-0.40,-1.33%,299.246M,15.205M,15.205M,15.205M,10M,,
ONDO-USD,Ondo USD,0.216031,-0.008901,-3.96%,298.639M,134.828M,134.828M,134.828M,1.382B,,
NTRN26680-USD,Neutron USD,1.0657,-0.0091,-0.85%,297.084M,15.022M,15.022M,15.022M,278.762M,,
QTUM-USD,Qtum USD,2.8368,-0.0144,-0.50%,297.171M,36.224M,36.224M,36.224M,104.756M,,
SUPER8290-USD,SuperVerse USD,0.602580,-0.007209,-1.18%,293.924M,25.09M,25.09M,25.09M,487.776M,,
XCH-USD,Chia USD,29.91,-0.18,-0.58%,292.181M,6.089M,6.089M,6.089M,9.768M,,
GLMR-USD,Moonbeam USD,0.352929,-0.004943,-1.38%,291.646M,5.649M,5.649M,5.649M,826.36M,,
TRB-USD,Tellor USD,113.16,-7.26,-6.03%,288.445M,82.777M,82.777M,82.777M,2.549M,,
SFP-USD,SafePal USD,0.674642,+0.008138,+1.22%,283.912M,5.144M,5.144M,5.144M,420.833M,,
RAY-USD,Raydium USD,1.1122,-0.1169,-9.51%,283.507M,24.072M,24.072M,24.072M,254.918M,,
WLD-USD,Worldcoin USD,2.2834,-0.0479,-2.05%,280.527M,71.953M,71.953M,71.953M,122.856M,,
ETHW-USD,EthereumPoW USD,2.5805,-0.0399,-1.52%,278.23M,8.813M,8.813M,8.813M,107.819M,,
MX-USD,MX TOKEN USD,2.7865,+0.0084,+0.30%,275.747M,4.308M,4.308M,4.308M,98.959M,,
ILV-USD,Illuvium USD,72.70,-1.55,-2.09%,273.879M,11.152M,11.152M,11.152M,3.767M,,
AZERO-USD,Aleph Zero USD,1.0256,+0.0229,+2.28%,273.606M,2.43M,2.43M,2.43M,266.779M,,
LYX-USD,LUKSO USD,8.9487,+0.3396,+3.95%,273.256M,"709,238","709,238","709,238",30.536M,,
BDX-USD,Beldex USD,0.043594,-0.000962,-2.16%,270.143M,2.349M,2.349M,2.349M,6.197B,,
ZRX-USD,0x Protocol USD,0.317756,-0.003876,-1.21%,269.297M,21.96M,21.96M,21.96M,847.496M,,
CVX-USD,Convex Finance USD,2.8665,-0.0866,-2.93%,267.569M,7.697M,7.697M,7.697M,93.344M,,
FLOKI-USD,FLOKI USD,0.000028,+0.000000,+0.16%,266.607M,8.446M,8.446M,8.446M,9.562T,,
TRAC-USD,OriginTrail USD,0.656766,-0.041979,-6.01%,264.233M,1.91M,1.91M,1.91M,402.324M,,
TFUEL-USD,Theta Fuel USD,0.040968,+0.000080,+0.20%,263.605M,4.545M,4.545M,4.545M,6.434B,,
JST-USD,JUST USD,0.029059,+0.000098,+0.34%,258.687M,35.606M,35.606M,35.606M,8.902B,,
STORJ-USD,Storj USD,0.643150,+0.001215,+0.19%,258.628M,54.821M,54.821M,54.821M,402.127M,,
ADF-USD,Art de Finance USD,2.0968,-0.1931,-8.43%,255.052M,"543,457","543,457","543,457",121.636M,,
KDA-USD,Kadena USD,0.965685,-0.015153,-1.54%,253.465M,4.739M,4.739M,4.739M,262.472M,,
ANT-USD,Aragon USD,5.8116,-0.0339,-0.58%,250.941M,7.477M,7.477M,7.477M,43.179M,,
DCR-USD,Decred USD,15.77,-0.50,-3.05%,249.517M,2.632M,2.632M,2.632M,15.824M,,
SUSHI-USD,SushiSwap USD,1.0602,-0.0092,-0.86%,245.997M,23.555M,23.555M,23.555M,232.029M,,
JASMY-USD,JasmyCoin USD,0.004927,-0.000056,-1.13%,242.901M,23.515M,23.515M,23.515M,49.3B,,
RVN-USD,Ravencoin USD,0.017943,-0.000018,-0.10%,241.696M,8.037M,8.037M,8.037M,13.471B,,
YFI-USD,yearn.finance USD,"7,178.32",+102.07,+1.44%,239.857M,17.427M,17.427M,17.427M,"33,414",,
WAVES-USD,Waves USD,2.1138,-0.0143,-0.67%,240.339M,31.057M,31.057M,31.057M,113.698M,,
T-USD,Threshold USD,0.024853,-0.000505,-1.99%,238.379M,12.447M,12.447M,12.447M,9.592B,,
OCEAN-USD,Ocean Protocol USD,0.419155,-0.003671,-0.87%,238.24M,27.384M,27.384M,27.384M,568.381M,,
CFG-USD,Centrifuge USD,0.500507,+0.004477,+0.90%,235.825M,1.141M,1.141M,1.141M,471.172M,,
ANKR-USD,Ankr USD,0.023555,+0.000066,+0.28%,235.545M,11.939M,11.939M,11.939M,10B,,
BAND-USD,Band Protocol USD,1.6893,+0.0146,+0.87%,234.052M,4.875M,4.875M,4.875M,138.55M,,
API3-USD,API3 USD,2.6806,-0.0575,-2.10%,231.665M,54.179M,54.179M,54.179M,86.422M,,
RBN-USD,Ribbon Finance USD,0.429843,-0.027980,-6.11%,230.866M,1.791M,1.791M,1.791M,537.093M,,
MEME28301-USD,Memecoin USD,0.022156,-0.000222,-0.99%,228.752M,33.287M,33.287M,33.287M,10.324B,,
WIF-USD,dogwifhat USD,0.228804,-0.037869,-14.20%,228.557M,84.406M,84.406M,84.406M,998.92M,,
JTO-USD,Jito USD,1.9104,-0.0744,-3.75%,223.891M,78.85M,78.85M,78.85M,117.197M,,
WE20456-USD,WeBuy USD,0.613755,+0.010785,+1.79%,222.198M,"152,812","152,812","152,812",362.031M,,
LCX-USD,LCX USD,0.286156,+0.003167,+1.12%,220.794M,22.487M,22.487M,22.487M,771.585M,,
LSD28047-USD,L7 USD,5.3463,-0.1504,-2.74%,218.887M,1.54M,1.54M,1.54M,40.942M,,
AUDIO-USD,Audius USD,0.182343,+0.000749,+0.41%,218.061M,4.367M,4.367M,4.367M,1.196B,,
BICO-USD,Biconomy USD,0.343781,+0.002425,+0.71%,217.804M,4.2M,4.2M,4.2M,633.553M,,
USTC-USD,TerraClassicUSD USD,0.024166,-0.000680,-2.74%,216.776M,12.946M,12.946M,12.946M,8.97B,,
XAI28933-USD,Xai USD,0.777231,-0.016059,-2.02%,215.385M,79.376M,79.376M,79.376M,277.118M,,
LPT-USD,Livepeer USD,7.0144,+0.0114,+0.16%,215.186M,15.213M,15.213M,15.213M,30.678M,,
PRIME23711-USD,Echelon Prime USD,8.1730,-0.3310,-3.89%,214.72M,3.752M,3.752M,3.752M,26.272M,,
ICX-USD,ICON USD,0.215572,-0.002646,-1.21%,210.98M,4.103M,4.103M,4.103M,978.7M,,
MOBILE-USD,Helium Mobile USD,0.002545,-0.000164,-6.06%,208.603M,2.522M,2.522M,2.522M,81.979B,,
GLM-USD,Golem USD,0.204923,-0.002617,-1.26%,204.923M,3.065M,3.065M,3.065M,1B,,
ACE28674-USD,Fusionist USD,9.2989,-0.1821,-1.92%,204.291M,60.462M,60.462M,60.462M,21.97M,,
OAS-USD,Oasys USD,0.100767,-0.000740,-0.73%,198.017M,1.27M,1.27M,1.27M,1.965B,,
ONT-USD,Ontology USD,0.225831,-0.002654,-1.16%,197.659M,9.45M,9.45M,9.45M,875.25M,,
BTRST-USD,Braintrust USD,0.871768,+0.049003,+5.96%,195.515M,1.698M,1.698M,1.698M,224.274M,,
BAL-USD,Balancer USD,3.5749,-0.0606,-1.67%,195.761M,6.25M,6.25M,6.25M,54.76M,,
CHR-USD,Chromia USD,0.248634,+0.000376,+0.15%,195.783M,10.729M,10.729M,10.729M,787.434M,,
ONE3945-USD,Harmony USD,0.014160,-0.000067,-0.47%,195.202M,5.631M,5.631M,5.631M,13.786B,,
FLUX-USD,Flux USD,0.571836,-0.012854,-2.20%,194.94M,7.898M,7.898M,7.898M,340.902M,,
FNSA-USD,FINSCHIA USD,25.71,-0.28,-1.09%,194.37M,1.783M,1.783M,1.783M,7.559M,,
MOVR-USD,Moonriver USD,21.98,-0.71,-3.11%,192.129M,18.474M,18.474M,18.474M,8.74M,,
WAXP-USD,WAX USD,0.055514,-0.000609,-1.09%,189.003M,6.743M,6.743M,6.743M,3.405B,,
XVS-USD,Venus USD,11.97,-0.50,-3.98%,187.355M,28.935M,28.935M,28.935M,15.658M,,
POND-USD,Marlin USD,0.023425,+0.004125,+21.37%,189.45M,43.313M,43.313M,43.313M,8.087B,,
SXP-USD,Solar USD,0.308646,-0.002983,-0.96%,182.938M,12.72M,12.72M,12.72M,592.71M,,
FLEX-USD,FLEX USD,1.8470,-0.0227,-1.21%,182.239M,"183,506","183,506","183,506",98.665M,,
CTSI-USD,Cartesi USD,0.234300,-0.005506,-2.30%,181.767M,9.386M,9.386M,9.386M,775.789M,,
CKB-USD,Nervos Network USD,0.004170,-0.000023,-0.55%,181.198M,38.975M,38.975M,38.975M,43.45B,,
ASM-USD,Assemble Protocol USD,0.131155,+0.031912,+32.16%,178.742M,19.474M,19.474M,19.474M,1.363B,,
VBTC-USD,Venus BTC USD,863.76,-7.53,-0.86%,177.793M,431.489M,431.489M,431.489M,"205,836",,
SFUND-USD,Seedify.fund USD,3.0592,-0.0417,-1.35%,177.518M,8.711M,8.711M,8.711M,58.029M,,
IOST-USD,IOST USD,0.008333,-0.000009,-0.11%,177.617M,7.465M,7.465M,7.465M,21.315B,,
MAV-USD,Maverick Protocol USD,0.710373,+0.001526,+0.22%,177.593M,47.023M,47.023M,47.023M,250M,,
GAL11877-USD,Galxe USD,1.7892,+0.0281,+1.60%,170.149M,11.117M,11.117M,11.117M,95.098M,,
LSK-USD,Lisk USD,1.3150,-0.0091,-0.69%,169.501M,32.965M,32.965M,32.965M,128.9M,,
ALEX-USD,ALEX Lab USD,0.274623,-0.001636,-0.59%,166.556M,2.026M,2.026M,2.026M,606.49M,,
USDJ-USD,USDJ USD,1.0925,+0.0016,+0.14%,167.994M,2.125M,2.125M,2.125M,153.776M,,
JOE-USD,JOE USD,0.462608,-0.007405,-1.58%,167.584M,8.422M,8.422M,8.422M,362.26M,,
RLC-USD,iExec RLC USD,2.3100,+0.0344,+1.51%,167.207M,73.689M,73.689M,73.689M,72.383M,,
BORG-USD,SwissBorg USD,0.162325,-0.012772,-7.29%,159.785M,1.862M,1.862M,1.862M,984.355M,,
XYM-USD,Symbol USD,0.027872,-0.000824,-2.87%,163.369M,"600,610","600,610","600,610",5.861B,,
TRIBE-USD,Tribe USD,0.304508,-0.014710,-4.61%,162.548M,"490,782","490,782","490,782",533.805M,,
VTHO-USD,VeThor Token USD,0.002247,-0.000086,-3.69%,162.25M,4.642M,4.642M,4.642M,72.196B,,
C98-USD,Coin98 USD,0.232675,-0.001534,-0.65%,161.709M,26.564M,26.564M,26.564M,695M,,
EDU24613-USD,Open Campus USD,0.587308,-0.002057,-0.35%,159.858M,6.684M,6.684M,6.684M,272.187M,,
BABYDOGE-USD,Baby Doge Coin USD,0.00000000,+0.00000000,+0.73%,159.673M,2.576M,2.576M,2.576M,"143,788.796T",,
POWR-USD,Powerledger USD,0.307986,+0.002705,+0.89%,157.805M,16.171M,16.171M,16.171M,512.375M,,
ARK-USD,Ark USD,0.879151,-0.007486,-0.84%,157.025M,20.37M,20.37M,20.37M,178.61M,,
DAO-USD,DAO Maker USD,0.898953,-0.030819,-3.31%,156.424M,2.422M,2.422M,2.422M,174.007M,,
CTC-USD,Creditcoin USD,0.491841,-0.012869,-2.55%,155.104M,15.818M,15.818M,15.818M,315.355M,,
BFIC-USD,Blockchain Foundation for Innovation & Collaboration USD,14.52,+0.37,+2.62%,153.559M,4.464M,4.464M,4.464M,10.578M,,
AUCTION-USD,Bounce Token USD,23.52,+0.47,+2.03%,152.868M,29.321M,29.321M,29.321M,6.5M,,
GMT10180-USD,Gomining USD,0.378732,-0.008191,-2.12%,152.115M,2.231M,2.231M,2.231M,401.643M,,
AI28846-USD,Sleepless AI USD,1.1587,-0.1212,-9.47%,150.628M,73.66M,73.66M,73.66M,130M,,
XNO-USD,Nano USD,1.1260,-0.0106,-0.93%,150.032M,2.428M,2.428M,2.428M,133.248M,,
HIVE-USD,Hive USD,0.299851,-0.003329,-1.10%,150.15M,1.717M,1.717M,1.717M,500.749M,,
PYR-USD,Vulcan Forged (PYR) USD,5.4776,-0.1773,-3.14%,148.894M,7.421M,7.421M,7.421M,27.182M,,
GUSD-USD,Gemini Dollar USD,0.999724,-0.001751,-0.17%,148.211M,"309,798","309,798","309,798",148.252M,,
LUSD-USD,Liquity USD USD,0.999972,-0.000460,-0.05%,148.251M,"684,804","684,804","684,804",148.255M,,
AIOZ-USD,AIOZ Network USD,0.138346,+0.005661,+4.27%,148.035M,1.296M,1.296M,1.296M,1.07B,,
SNT-USD,Status USD,0.038255,+0.000051,+0.13%,148.253M,2.755M,2.755M,2.755M,3.875B,,
AMP-USD,Amp USD,0.003431,-0.000104,-2.93%,144.873M,5.543M,5.543M,5.543M,42.228B,,
BORA-USD,BORA USD,0.143317,-0.004112,-2.79%,142.421M,4.702M,4.702M,4.702M,993.75M,,
CQT-USD,Covalent USD,0.224589,-0.003792,-1.66%,140.38M,1.118M,1.118M,1.118M,625.051M,,
GNS-USD,Gains Network USD,4.5013,-0.1134,-2.46%,137.079M,7.096M,7.096M,7.096M,30.454M,,
STRAX-USD,Stratis USD,0.856002,-0.017281,-1.98%,134.645M,8.695M,8.695M,8.695M,157.296M,,
EURS-USD,STASIS EURO USD,1.0809,-0.0056,-0.52%,134.17M,1.311M,1.311M,1.311M,124.126M,,
VVS-USD,VVS Finance USD,0.00000303,-0.00000000,-0.04%,133.716M,3.433M,3.433M,3.433M,44.172T,,
YGG-USD,Yield Guild Games USD,0.448860,+0.007871,+1.78%,133.794M,26.175M,26.175M,26.175M,298.076M,,
BIGTIME-USD,Big Time USD,0.339553,+0.004106,+1.22%,132.84M,13.082M,13.082M,13.082M,391.221M,,
PEOPLE-USD,ConstitutionDAO USD,0.026236,-0.000014,-0.05%,132.758M,33.1M,33.1M,33.1M,5.06B,,
ACH-USD,Alchemy Pay USD,0.018241,-0.000634,-3.36%,132.517M,8.806M,8.806M,8.806M,7.265B,,
SYN12147-USD,Synapse USD,0.717403,-0.017743,-2.41%,132.455M,10.554M,10.554M,10.554M,184.631M,,
NFP28778-USD,NFPrompt USD,0.525317,-0.019063,-3.50%,131.329M,21.535M,21.535M,21.535M,250M,,
ID21846-USD,SPACE ID USD,0.280717,+0.002428,+0.87%,131.163M,15.059M,15.059M,15.059M,467.245M,,
TET-USD,Tectum USD,26.34,+0.50,+1.94%,131.23M,2.339M,2.339M,2.339M,4.982M,,
RIF-USD,Rootstock Infrastructure Framework USD,0.129674,+0.000415,+0.32%,129.674M,2.641M,2.641M,2.641M,1B,,
TRIAS-USD,Trias Token (New) USD,13.33,-0.06,-0.45%,129.307M,2.15M,2.15M,2.15M,9.704M,,
BLZ-USD,Bluzelle USD,0.297940,-0.001069,-0.36%,127.073M,6.536M,6.536M,6.536M,426.504M,,
MUBI-USD,Multibit USD,0.134337,+0.004426,+3.41%,127.62M,14.665M,14.665M,14.665M,950M,,
BONE11865-USD,Bone ShibaSwap USD,0.547965,-0.017278,-3.06%,125.99M,5.993M,5.993M,5.993M,229.923M,,
ULTIMA-USD,Ultima USD,"8,225.91",+367.91,+4.68%,126.177M,2.072M,2.072M,2.072M,"15,339",,
DFI-USD,DeFiChain USD,0.147714,+0.003595,+2.49%,125.875M,5.597M,5.597M,5.597M,852.153M,,
RDNT-USD,Radiant Capital USD,0.282600,+0.000500,+0.187500%,126.021M,20.533M,20.533M,20.533M,446.005M,,
DGB-USD,DigiByte USD,0.007500,0.000000,+0.484300%,125.899M,2.769M,2.769M,2.769M,16.799B,,
NMR-USD,Numeraire USD,20.37,-0.60,-2.84%,125.626M,10.145M,10.145M,10.145M,6.166M,,
POLYX-USD,Polymesh USD,0.152687,-0.001670,-1.08%,124.12M,4.898M,4.898M,4.898M,812.908M,,
CYBER24781-USD,CyberConnect USD,7.1400,+0.2400,+3.4600%,123.851M,36.834M,36.834M,36.834M,17.344M,,
ALPH-USD,Alephium USD,1.7685,-0.0367,-2.0321%,122.525M,"971,234","971,234","971,234",69.281M,,
PROM-USD,Prom USD,6.7400,-0.1400,-2.0400%,123.092M,2.822M,2.822M,2.822M,18.25M,,
NYM-USD,NYM USD,0.189700,-0.006700,-3.398500%,121.366M,2.117M,2.117M,2.117M,639.684M,,
POLY-USD,Polymath USD,0.129542,-0.003782,-2.84%,119.826M,"60,137","60,137","60,137",924.998M,,
KEEP-USD,Keep Network USD,0.120000,-0.006300,-4.989200%,114.165M,"11,620","11,620","11,620",951.038M,,
SLP-USD,Smooth Love Potion USD,0.002900,0.000000,+0.159600%,119.923M,10.982M,10.982M,10.982M,41.361B,,
LQTY-USD,Liquity USD,1.2622,-0.0086,-0.6789%,119.918M,21.668M,21.668M,21.668M,95.003M,,
CELR-USD,Celer Network USD,0.016400,-0.000100,-0.762200%,119.898M,4.54M,4.54M,4.54M,7.293B,,
RBTC-USD,Rootstock Smart Bitcoin USD,"42,663.23",-60.77,-0.14%,117.462M,"439,561","439,561","439,561","2,753",,
ZEN-USD,Horizen USD,7.9400,+0.0500,+0.6900%,116.118M,5.81M,5.81M,5.81M,14.622M,,
ONG3217-USD,Ontology Gas USD,0.304610,+0.002175,+0.72%,112.711M,3.516M,3.516M,3.516M,370.018M,,
DKA-USD,dKargo USD,0.030833,-0.000494,-1.58%,112.657M,1.961M,1.961M,1.961M,3.654B,,
EVER-USD,Everscale USD,0.057924,+0.000001,+0.00%,112.253M,"195,743","195,743","195,743",1.938B,,
VUSDC-USD,Venus USDC USD,0.023084,+0.000009,+0.04%,110.134M,104.499M,104.499M,104.499M,4.771B,,
RSR-USD,Reserve Rights USD,0.002169,-0.000049,-2.20%,109.758M,5.87M,5.87M,5.87M,50.6B,,
TRAC25208-USD,trac (Ordinals) USD,5.2004,+0.4931,+10.48%,109.209M,1.287M,1.287M,1.287M,21M,,
DEXE-USD,DeXe USD,2.9226,+0.0101,+0.35%,106.674M,1.78M,1.78M,1.78M,36.5M,,
NAKA-USD,Nakamoto Games USD,1.3223,+0.0105,+0.80%,106.394M,9.154M,9.154M,9.154M,80.464M,,
ORBS-USD,Orbs USD,0.033594,-0.000597,-1.75%,106.418M,5.35M,5.35M,5.35M,3.168B,,
STG18934-USD,Stargate Finance USD,0.519150,+0.000787,+0.15%,106.082M,19.835M,19.835M,19.835M,204.338M,,
DUSK-USD,Dusk USD,0.251404,+0.000876,+0.35%,105.882M,14.248M,14.248M,14.248M,421.164M,,
HOOK-USD,Hooked Protocol USD,0.855015,+0.020417,+2.45%,105.821M,4.65M,4.65M,4.65M,123.765M,,
SURE-USD,inSure DeFi USD,0.003931,-0.000087,-2.18%,105.299M,"171,588","171,588","171,588",26.79B,,
HFT22461-USD,Hashflow USD,0.311059,-0.003459,-1.10%,105.229M,13.332M,13.332M,13.332M,338.292M,,
PUNDIX-USD,Pundi X (New) USD,0.406004,-0.001910,-0.47%,104.949M,3.078M,3.078M,3.078M,258.492M,,
HONEY22850-USD,Hivemapper USD,0.163325,-0.015788,-8.81%,104.861M,3.985M,3.985M,3.985M,642.038M,,
GAFI-USD,GameFi.org USD,9.4737,+0.2678,+2.91%,103.691M,"303,898","303,898","303,898",10.945M,,
PLA7461-USD,PlayDapp USD,0.179121,-0.000767,-0.43%,103.425M,2.345M,2.345M,2.345M,577.401M,,
MLK-USD,MiL.k USD,0.302943,-0.002694,-0.88%,102.108M,2.987M,2.987M,2.987M,337.055M,,
SCRT-USD,Secret USD,0.376397,+0.001162,+0.31%,102.137M,2.541M,2.541M,2.541M,271.355M,,
LOOM-USD,Loom Network USD,0.083513,-0.000138,-0.16%,101.838M,7.615M,7.615M,7.615M,1.219B,,
TOMI23246-USD,tomiNet USD,1.1424,-0.0344,-2.93%,101.884M,15.548M,15.548M,15.548M,89.188M,,
STPT-USD,STP USD,0.051943,+0.001294,+2.56%,100.896M,6.614M,6.614M,6.614M,1.942B,,
DENT-USD,Dent USD,0.001001,-0.000006,-0.60%,100.081M,4.296M,4.296M,4.296M,100B,,
CTXC-USD,Cortex USD,0.454555,-0.103234,-18.51%,99.259M,20.833M,20.833M,20.833M,218.364M,,
TEL-USD,Telcoin USD,0.001155,-0.000003,-0.30%,99.511M,"369,647","369,647","369,647",86.149B,,
BUSD-USD,BUSD USD,0.999337,-0.000087,-0.01%,99.365M,30.413M,30.413M,30.413M,99.431M,,
KNC-USD,Kyber Network Crystal v2 USD,0.581528,+0.000700,+0.12%,98.945M,9.787M,9.787M,9.787M,170.146M,,
USDX6651-USD,USDX [Kava] USD,0.899295,+0.017600,+2.00%,100.332M,"378,659","378,659","378,659",111.567M,,
DIMO-USD,DIMO USD,0.483235,-0.019154,-3.81%,97.73M,1.08M,1.08M,1.08M,202.242M,,
BNX23635-USD,BinaryX USD,0.286138,-0.000069,-0.02%,96.961M,4.89M,4.89M,4.89M,338.859M,,
VETH-USD,Venus ETH USD,47.37,-0.08,-0.18%,96.341M,96.295M,96.295M,96.295M,2.034M,,
STEEM-USD,Steem USD,0.211380,+0.000374,+0.18%,96.098M,2.828M,2.828M,2.828M,454.624M,,
0X0-USD,0x0.ai USD,0.110337,-0.003949,-3.45%,95.835M,"573,929","573,929","573,929",868.563M,,
DODO-USD,DODO USD,0.155429,-0.004523,-2.83%,95.529M,4.857M,4.857M,4.857M,614.618M,,
MTL-USD,Metal DAO USD,1.4273,+0.0262,+1.87%,95.043M,6.306M,6.306M,6.306M,66.589M,,
PAAL-USD,PAAL AI USD,0.121556,+0.004047,+3.44%,94.772M,2.14M,2.14M,2.14M,779.663M,,
AURORA14803-USD,Aurora USD,0.227533,-0.008654,-3.66%,94.049M,1.167M,1.167M,1.167M,413.343M,,
MVL-USD,MVL USD,0.003854,-0.000078,-1.98%,93.858M,"751,798","751,798","751,798",24.353B,,
RAD-USD,Radworks USD,1.8162,-0.0299,-1.62%,93.633M,7.235M,7.235M,7.235M,51.556M,,
BAKE-USD,BakeryToken USD,0.323708,-0.005263,-1.60%,93.801M,20.985M,20.985M,20.985M,289.771M,,
MYRO-USD,Myro USD,0.099212,-0.021076,-17.52%,93.677M,34.07M,34.07M,34.07M,944.204M,,
BNT-USD,Bancor USD,0.694259,-0.002128,-0.31%,92.623M,5.434M,5.434M,5.434M,133.412M,,
DORA27966-USD,Dora Factory USD,0.172396,-0.006233,-3.49%,92.624M,"338,125","338,125","338,125",537.277M,,
OXT-USD,Orchid USD,0.093897,+0.001701,+1.84%,91.999M,5.47M,5.47M,5.47M,979.779M,,
NXRA-USD,AllianceBlock Nexera USD,0.119359,-0.004210,-3.41%,91.663M,"627,225","627,225","627,225",767.964M,,
SDEX-USD,SmarDex USD,0.013292,-0.000173,-1.28%,91.646M,"886,053","886,053","886,053",6.895B,,
FLIX-USD,OmniFlix Network USD,0.363573,-0.043813,-10.75%,91.169M,"86,188","86,188","86,188",250.759M,,
AGLD-USD,Adventure Gold USD,1.1864,+0.0569,+5.03%,91.687M,18.456M,18.456M,18.456M,77.28M,,
ORAI-USD,Oraichain USD,7.1946,+0.4641,+6.89%,91.415M,2.22M,2.22M,2.22M,12.706M,,
CVC-USD,Civic USD,0.090930,+0.000509,+0.56%,90.93M,5.696M,5.696M,5.696M,1B,,
OGN-USD,Origin Protocol USD,0.158718,+0.000729,+0.46%,90.774M,12.84M,12.84M,12.84M,571.921M,,
WIN-USD,WINkLink USD,0.000094,+0.000002,+2.05%,90.343M,22.246M,22.246M,22.246M,961.737B,,
WILD-USD,Wilder World USD,0.345217,-0.007268,-2.06%,90.087M,"627,940","627,940","627,940",260.958M,,
OMG-USD,OMG Network USD,0.632050,-0.003033,-0.48%,88.642M,12.413M,12.413M,12.413M,140.245M,,
ELON-USD,Dogelon Mars USD,0.00000016,-0.00000000,-1.65%,87.604M,10.955M,10.955M,10.955M,549.653T,,
MED-USD,MediBloc USD,0.010566,-0.000084,-0.79%,87.542M,1.027M,1.027M,1.027M,8.286B,,
SYS-USD,Syscoin USD,0.117944,-0.001728,-1.44%,86.785M,2.087M,2.087M,2.087M,735.82M,,
IQ-USD,IQ USD,0.004992,+0.000064,+1.29%,88.255M,1.855M,1.855M,1.855M,17.679B,,
TON-USD,Tokamak Network USD,1.9861,-0.0466,-2.29%,85.908M,3.14M,3.14M,3.14M,43.255M,,
GF15585-USD,GuildFi USD,0.159833,-0.009708,-5.73%,85.917M,1.465M,1.465M,1.465M,537.542M,,
ERG-USD,Ergo USD,1.1746,-0.0199,-1.66%,85.843M,"249,654","249,654","249,654",73.085M,,
COTI-USD,COTI USD,0.055844,-0.000933,-1.64%,84.699M,4.729M,4.729M,4.729M,1.517B,,
BFC7817-USD,Bifrost USD,0.061879,-0.000157,-0.25%,85.804M,1.67M,1.67M,1.67M,1.387B,,
UQC-USD,Uquid Coin USD,8.4110,+0.0168,+0.20%,84.11M,"528,545","528,545","528,545",10M,,
ARDR-USD,Ardor USD,0.083904,-0.000895,-1.06%,83.82M,1.985M,1.985M,1.985M,998.999M,,
REQ-USD,Request USD,0.082613,-0.000359,-0.43%,82.585M,1.471M,1.471M,1.471M,999.665M,,
YFII-USD,DFI.Money USD,"2,117.83",-765.00,-26.54%,81.74M,32.114M,32.114M,32.114M,"38,596",,
POL28321-USD,Polygon Ecosystem Token USD,0.788777,-0.005525,-0.70%,81.623M,"169,852","169,852","169,852",103.481M,,
CTK4807-USD,Shentu USD,0.627443,+0.002703,+0.43%,81.785M,3.471M,3.471M,3.471M,130.346M,,
OM-USD,MANTRA USD,0.102250,-0.000308,-0.30%,81.11M,21.089M,21.089M,21.089M,793.258M,,
VRSC-USD,VerusCoin USD,1.0563,-0.0616,-5.51%,79.627M,"9,178","9,178","9,178",75.386M,,
MRS21178-USD,Metars Genesis USD,1.2791,-0.0052,-0.41%,80.393M,"54,626","54,626","54,626",62.85M,,
NKN-USD,NKN USD,0.105670,+0.001078,+1.03%,79.763M,3.349M,3.349M,3.349M,754.831M,,
ARKM-USD,Arkham USD,0.533331,-0.018743,-3.40%,80M,19.253M,19.253M,19.253M,150M,,
WMT-USD,World Mobile Token USD,0.161618,-0.003890,-2.35%,79.49M,2.023M,2.023M,2.023M,491.839M,,
ALPHA-USD,Stella USD,0.093989,+0.000073,+0.08%,79.515M,2.862M,2.862M,2.862M,846M,,
POLIS11213-USD,Star Atlas DAO USD,0.322977,+0.007512,+2.38%,78.909M,"831,818","831,818","831,818",244.318M,,
GEL-USD,Gelato USD,0.717423,-0.025132,-3.38%,78.882M,"457,785","457,785","457,785",109.952M,,
GOG-USD,Guild of Guardians USD,0.150508,+0.005033,+3.46%,78.843M,"198,304","198,304","198,304",523.847M,,
WRX-USD,WazirX USD,0.202763,-0.009491,-4.47%,77.426M,1.434M,1.434M,1.434M,381.857M,,
SHIDO28211-USD,Shido (New) USD,0.009363,+0.001485,+18.86%,77.062M,1.947M,1.947M,1.947M,8.23B,,
XPLA-USD,XPLA USD,0.177128,+0.007220,+4.25%,76.921M,4.731M,4.731M,4.731M,434.267M,,
GODS-USD,Gods Unchained USD,0.281738,+0.000783,+0.28%,76.813M,"869,332","869,332","869,332",272.639M,,
NIZA-USD,Niza Global USD,0.021716,-0.000899,-3.97%,76.517M,"329,424","329,424","329,424",3.523B,,
